cluster_id,hour,top_category
3,0,Food
3,1,Food
3,2,Professional & Other Places
3,3,Food
3,4,Food
3,5,Food
3,6,Food
3,7,Food
3,8,Food
3,9,Food
3,10,Food
3,11,Food
3,12,Food
3,13,Food
3,14,Food
3,15,Travel & Transport
3,16,Travel & Transport
3,17,Arts & Entertainment
3,18,Nightlife Spot
3,19,Nightlife Spot
3,20,Shop & Service
3,21,Food
3,22,Travel & Transport
3,23,Food
3,24,Food
3,25,Food
3,26,Food
3,27,Food
3,28,Food
3,29,Food
3,30,Food
3,31,Food
3,32,Food
3,33,Food
3,34,Food
3,35,Food
3,36,Food
3,37,Food
3,38,Shop & Service
3,39,Food
3,40,Food
3,41,Nightlife Spot
3,42,Residence
3,43,Arts & Entertainment
3,44,Arts & Entertainment
3,45,Travel & Transport
3,46,Food
3,47,Food
3,48,Food
3,49,Food
3,50,Food
3,51,Food
3,52,Food
3,53,Food
3,54,Food
3,55,Shop & Service
3,56,Food
3,57,Food
3,58,Food
3,59,Food
3,60,Food
3,61,Food
3,62,Food
3,63,Nightlife Spot
3,64,Travel & Transport
3,65,Food
3,66,Food
3,67,Shop & Service
3,68,Food
3,69,Food
3,70,Food
3,71,Food
3,72,Food
3,73,College & University
3,74,Food
3,75,Food
3,76,Food
3,77,Food
3,78,Food
3,79,Food
3,80,Shop & Service
3,81,Food
3,82,Food
3,83,Food
3,84,Food
3,85,Food
3,86,Food
3,87,Food
3,88,Nightlife Spot
3,89,Professional & Other Places
3,90,Food
3,91,Food
3,92,Arts & Entertainment
3,93,Travel & Transport
3,94,Food
3,95,Food
3,96,Food
3,97,Travel & Transport
3,98,Food
3,99,Food
3,100,Food
3,101,Food
3,102,Food
3,103,Food
3,104,Food
3,105,Food
3,106,Food
3,107,Food
3,108,Food
3,109,Food
3,110,Food
3,111,Nightlife Spot
3,112,Nightlife Spot
3,113,Food
3,114,Nightlife Spot
3,115,Nightlife Spot
3,116,Arts & Entertainment
3,117,Food
3,118,Travel & Transport
3,119,Travel & Transport
3,120,Food
3,121,Travel & Transport
3,122,Food
3,123,Food
3,124,Food
3,125,Food
3,126,Food
3,127,Food
3,128,Shop & Service
3,129,Food
3,130,Food
3,131,Food
3,132,Food
3,133,Food
3,134,Food
3,135,Nightlife Spot
3,136,Nightlife Spot
3,137,Nightlife Spot
3,138,Nightlife Spot
3,139,Nightlife Spot
3,140,Nightlife Spot
3,141,Great Outdoors
3,142,Food
3,143,Food
3,144,Food
3,145,Food
3,146,Food
3,147,Food
3,148,Food
3,149,Food
3,150,Food
3,151,Food
3,152,Shop & Service
3,153,Food
3,154,Food
3,155,Food
3,156,Food
3,157,Food
3,158,Food
3,159,Food
3,160,Food
3,161,Food
3,162,Travel & Transport
3,163,Food
3,164,Travel & Transport
3,165,Shop & Service
3,166,Food
3,167,Food
2,0,College & University
2,1,College & University
2,2,College & University
2,3,College & University
2,4,College & University
2,5,College & University
2,6,College & University
2,7,College & University
2,8,College & University
2,9,Shop & Service
2,10,College & University
2,11,Shop & Service
2,12,Food
2,13,Food
2,14,Food
2,15,Shop & Service
2,16,Food
2,17,Nightlife Spot
2,18,Food
2,19,Food
2,20,Shop & Service
2,21,Travel & Transport
2,22,College & University
2,23,College & University
2,24,College & University
2,25,College & University
2,26,College & University
2,27,College & University
2,28,College & University
2,29,College & University
2,30,College & University
2,31,College & University
2,32,College & University
2,33,College & University
2,34,College & University
2,35,Food
2,36,Food
2,37,Food
2,38,Food
2,39,Travel & Transport
2,40,Nightlife Spot
2,41,Food
2,42,Food
2,43,College & University
2,44,Arts & Entertainment
2,45,Food
2,46,College & University
2,47,College & University
2,48,College & University
2,49,College & University
2,50,College & University
2,51,College & University
2,52,College & University
2,53,College & University
2,54,College & University
2,55,College & University
2,56,College & University
2,57,Shop & Service
2,58,College & University
2,59,College & University
2,60,Food
2,61,Food
2,62,Food
2,63,Nightlife Spot
2,64,Nightlife Spot
2,65,College & University
2,66,Food
2,67,Nightlife Spot
2,68,Travel & Transport
2,69,Food
2,70,College & University
2,71,College & University
2,72,College & University
2,73,College & University
2,74,College & University
2,75,College & University
2,76,College & University
2,77,College & University
2,78,College & University
2,79,College & University
2,80,College & University
2,81,Shop & Service
2,82,College & University
2,83,Food
2,84,Shop & Service
2,85,Food
2,86,Shop & Service
2,87,Travel & Transport
2,88,Food
2,89,Arts & Entertainment
2,90,Arts & Entertainment
2,91,College & University
2,92,Shop & Service
2,93,Travel & Transport
2,94,College & University
2,95,College & University
2,96,College & University
2,97,College & University
2,98,College & University
2,99,College & University
2,100,College & University
2,101,College & University
2,102,College & University
2,103,College & University
2,104,College & University
2,105,Shop & Service
2,106,College & University
2,107,Shop & Service
2,108,Shop & Service
2,109,Shop & Service
2,110,Food
2,111,Nightlife Spot
2,112,Nightlife Spot
2,113,Nightlife Spot
2,114,Travel & Transport
2,115,Nightlife Spot
2,116,Nightlife Spot
2,117,Great Outdoors
2,118,Arts & Entertainment
2,119,College & University
2,120,College & University
2,121,College & University
2,122,College & University
2,123,Shop & Service
2,124,Shop & Service
2,125,Shop & Service
2,126,Shop & Service
2,127,Shop & Service
2,128,Shop & Service
2,129,Shop & Service
2,130,Shop & Service
2,131,Food
2,132,Food
2,133,Shop & Service
2,134,Arts & Entertainment
2,135,Shop & Service
2,136,Nightlife Spot
2,137,Nightlife Spot
2,138,Food
2,139,Travel & Transport
2,140,Nightlife Spot
2,141,Travel & Transport
2,142,College & University
2,143,Great Outdoors
2,144,Travel & Transport
2,145,Travel & Transport
2,146,Travel & Transport
2,147,Travel & Transport
2,148,Food
2,149,Food
2,150,Shop & Service
2,151,Shop & Service
2,152,Food
2,153,Shop & Service
2,154,Food
2,155,Food
2,156,Food
2,157,Food
2,158,Food
2,159,Shop & Service
2,160,College & University
2,161,Food
2,162,Nightlife Spot
2,163,Nightlife Spot
2,164,Arts & Entertainment
2,165,Travel & Transport
2,166,College & University
2,167,College & University
0,0,Professional & Other Places
0,1,Professional & Other Places
0,2,Professional & Other Places
0,3,Professional & Other Places
0,4,Professional & Other Places
0,5,Professional & Other Places
0,6,Professional & Other Places
0,7,Professional & Other Places
0,8,Professional & Other Places
0,9,Professional & Other Places
0,10,Great Outdoors
0,11,Shop & Service
0,12,Food
0,13,Food
0,14,Food
0,15,Professional & Other Places
0,16,Food
0,17,Food
0,18,Travel & Transport
0,19,Residence
0,20,Food
0,21,Food
0,22,Food
0,23,Professional & Other Places
0,24,Professional & Other Places
0,25,Professional & Other Places
0,26,Professional & Other Places
0,27,Professional & Other Places
0,28,Professional & Other Places
0,29,Food
0,30,Professional & Other Places
0,31,Professional & Other Places
0,32,Shop & Service
0,33,Shop & Service
0,34,Shop & Service
0,35,Food
0,36,Food
0,37,Travel & Transport
0,38,Arts & Entertainment
0,39,Travel & Transport
0,40,Food
0,41,Food
0,42,Food
0,43,Food
0,44,Travel & Transport
0,45,Food
0,46,Professional & Other Places
0,47,Professional & Other Places
0,48,Professional & Other Places
0,49,Professional & Other Places
0,50,Professional & Other Places
0,51,Food
0,52,Professional & Other Places
0,53,Professional & Other Places
0,54,Professional & Other Places
0,55,Professional & Other Places
0,56,Food
0,57,Professional & Other Places
0,58,Shop & Service
0,59,Food
0,60,Professional & Other Places
0,61,Travel & Transport
0,62,Food
0,63,Food
0,64,Nightlife Spot
0,65,Travel & Transport
0,66,Travel & Transport
0,67,Food
0,68,Shop & Service
0,69,Shop & Service
0,70,Professional & Other Places
0,71,Travel & Transport
0,72,Professional & Other Places
0,73,Professional & Other Places
0,74,Professional & Other Places
0,75,Professional & Other Places
0,76,Food
0,77,Professional & Other Places
0,78,Professional & Other Places
0,79,Professional & Other Places
0,80,Food
0,81,Shop & Service
0,82,Shop & Service
0,83,Shop & Service
0,84,Shop & Service
0,85,Shop & Service
0,86,Shop & Service
0,87,Shop & Service
0,88,Food
0,89,Travel & Transport
0,90,Food
0,91,Food
0,92,Food
0,93,Shop & Service
0,94,Professional & Other Places
0,95,Travel & Transport
0,96,Professional & Other Places
0,97,Professional & Other Places
0,98,Travel & Transport
0,99,Professional & Other Places
0,100,Professional & Other Places
0,101,Professional & Other Places
0,102,Professional & Other Places
0,103,Shop & Service
0,104,Shop & Service
0,105,Food
0,106,Food
0,107,Shop & Service
0,108,Food
0,109,Food
0,110,Food
0,111,Food
0,112,Nightlife Spot
0,113,Food
0,114,Food
0,115,Nightlife Spot
0,116,Food
0,117,Shop & Service
0,118,Food
0,119,Travel & Transport
0,120,Professional & Other Places
0,121,Travel & Transport
0,122,Professional & Other Places
0,123,Food
0,124,Shop & Service
0,125,Shop & Service
0,126,Shop & Service
0,127,Shop & Service
0,128,Shop & Service
0,129,Shop & Service
0,130,Shop & Service
0,131,Food
0,132,Food
0,133,Great Outdoors
0,134,Food
0,135,Nightlife Spot
0,136,Food
0,137,Shop & Service
0,138,Nightlife Spot
0,139,Food
0,140,Travel & Transport
0,141,Shop & Service
0,142,Professional & Other Places
0,143,Arts & Entertainment
0,144,Professional & Other Places
0,145,Professional & Other Places
0,146,Professional & Other Places
0,147,Professional & Other Places
0,148,Food
0,149,Food
0,150,Shop & Service
0,151,Shop & Service
0,152,Shop & Service
0,153,Shop & Service
0,154,Food
0,155,Shop & Service
0,156,Food
0,157,Food
0,158,Food
0,159,Travel & Transport
0,160,Professional & Other Places
0,161,Travel & Transport
0,162,Travel & Transport
0,163,Food
0,164,Food
0,165,Nightlife Spot
0,166,Professional & Other Places
0,167,Professional & Other Places
9,0,Travel & Transport
9,1,Professional & Other Places
9,2,Shop & Service
9,3,Shop & Service
9,4,Shop & Service
9,5,Shop & Service
9,6,Shop & Service
9,7,Shop & Service
9,8,Shop & Service
9,9,Shop & Service
9,10,Shop & Service
9,11,Food
9,12,Shop & Service
9,13,Food
9,14,Shop & Service
9,15,Nightlife Spot
9,16,Residence
9,17,Nightlife Spot
9,18,Nightlife Spot
9,19,Food
9,20,Food
9,21,Food
9,22,College & University
9,23,Shop & Service
9,24,Travel & Transport
9,25,Shop & Service
9,26,Shop & Service
9,27,Shop & Service
9,28,Shop & Service
9,29,Shop & Service
9,30,Shop & Service
9,31,Shop & Service
9,32,Shop & Service
9,33,Food
9,34,Shop & Service
9,35,Shop & Service
9,36,Shop & Service
9,37,Shop & Service
9,38,Food
9,39,Food
9,40,Nightlife Spot
9,41,Food
9,42,Arts & Entertainment
9,43,Nightlife Spot
9,44,Arts & Entertainment
9,45,Travel & Transport
9,46,Travel & Transport
9,47,Professional & Other Places
9,48,Food
9,49,Professional & Other Places
9,50,Shop & Service
9,51,Shop & Service
9,52,Shop & Service
9,53,Shop & Service
9,54,Shop & Service
9,55,Shop & Service
9,56,Shop & Service
9,57,Shop & Service
9,58,Shop & Service
9,59,Shop & Service
9,60,Food
9,61,Food
9,62,Food
9,63,Food
9,64,Shop & Service
9,65,Great Outdoors
9,66,Nightlife Spot
9,67,Residence
9,68,Arts & Entertainment
9,69,Food
9,70,Food
9,71,Travel & Transport
9,72,Travel & Transport
9,73,Shop & Service
9,74,Shop & Service
9,75,Shop & Service
9,76,Shop & Service
9,77,Shop & Service
9,78,Shop & Service
9,79,Shop & Service
9,80,Shop & Service
9,81,Shop & Service
9,82,Shop & Service
9,83,Food
9,84,Food
9,85,Shop & Service
9,86,Food
9,87,Food
9,88,College & University
9,89,Nightlife Spot
9,90,Nightlife Spot
9,91,Food
9,92,Nightlife Spot
9,93,Shop & Service
9,94,Travel & Transport
9,95,Travel & Transport
9,96,Shop & Service
9,97,Shop & Service
9,98,Shop & Service
9,99,Shop & Service
9,100,Shop & Service
9,101,Shop & Service
9,102,Shop & Service
9,103,Shop & Service
9,104,Shop & Service
9,105,Shop & Service
9,106,Food
9,107,Food
9,108,Shop & Service
9,109,Shop & Service
9,110,Food
9,111,Shop & Service
9,112,Travel & Transport
9,113,Nightlife Spot
9,114,Food
9,115,Travel & Transport
9,116,Food
9,117,Food
9,118,Professional & Other Places
9,119,Shop & Service
9,120,College & University
9,121,Shop & Service
9,122,Shop & Service
9,123,Shop & Service
9,124,Shop & Service
9,125,Shop & Service
9,126,Shop & Service
9,127,Shop & Service
9,128,Shop & Service
9,129,Shop & Service
9,130,Shop & Service
9,131,Shop & Service
9,132,Shop & Service
9,133,Shop & Service
9,134,Shop & Service
9,135,Food
9,136,Nightlife Spot
9,137,Nightlife Spot
9,138,Nightlife Spot
9,139,Travel & Transport
9,140,Food
9,141,Travel & Transport
9,142,Professional & Other Places
9,143,Professional & Other Places
9,144,Professional & Other Places
9,145,Shop & Service
9,146,Shop & Service
9,147,Shop & Service
9,148,Shop & Service
9,149,Shop & Service
9,150,Shop & Service
9,151,Shop & Service
9,152,Shop & Service
9,153,Food
9,154,Food
9,155,Food
9,156,Shop & Service
9,157,Shop & Service
9,158,Food
9,159,Food
9,160,Arts & Entertainment
9,161,Food
9,162,Nightlife Spot
9,163,Nightlife Spot
9,164,Nightlife Spot
9,165,Nightlife Spot
9,166,Travel & Transport
9,167,Professional & Other Places
5,0,Food
5,1,Food
5,2,Professional & Other Places
5,3,Food
5,4,Food
5,5,Food
5,6,Food
5,7,Food
5,8,Food
5,9,Food
5,10,Food
5,11,Food
5,12,Food
5,13,Food
5,14,Food
5,15,Food
5,16,Food
5,17,Food
5,18,Food
5,19,Food
5,20,Food
5,21,Travel & Transport
5,22,Travel & Transport
5,23,Professional & Other Places
5,24,Professional & Other Places
5,25,Food
5,26,Food
5,27,Food
5,28,Food
5,29,Food
5,30,Food
5,31,Food
5,32,Food
5,33,Food
5,34,Food
5,35,Food
5,36,Food
5,37,Food
5,38,Food
5,39,Food
5,40,Food
5,41,Food
5,42,Food
5,43,Food
5,44,Travel & Transport
5,45,Travel & Transport
5,46,Professional & Other Places
5,47,Professional & Other Places
5,48,Professional & Other Places
5,49,Professional & Other Places
5,50,Food
5,51,Food
5,52,Food
5,53,Food
5,54,Food
5,55,Food
5,56,Food
5,57,Food
5,58,Food
5,59,Food
5,60,Food
5,61,Food
5,62,Food
5,63,Nightlife Spot
5,64,Nightlife Spot
5,65,Nightlife Spot
5,66,Food
5,67,Nightlife Spot
5,68,Nightlife Spot
5,69,Food
5,70,Travel & Transport
5,71,Professional & Other Places
5,72,Professional & Other Places
5,73,Professional & Other Places
5,74,Food
5,75,Food
5,76,Food
5,77,Food
5,78,Food
5,79,Food
5,80,Food
5,81,Food
5,82,Food
5,83,Food
5,84,Food
5,85,Food
5,86,Food
5,87,Food
5,88,Food
5,89,Food
5,90,Food
5,91,Nightlife Spot
5,92,Nightlife Spot
5,93,Food
5,94,Professional & Other Places
5,95,Travel & Transport
5,96,Professional & Other Places
5,97,Professional & Other Places
5,98,Shop & Service
5,99,Food
5,100,Food
5,101,Food
5,102,Food
5,103,Food
5,104,Food
5,105,Food
5,106,Food
5,107,Food
5,108,Food
5,109,Food
5,110,Food
5,111,Nightlife Spot
5,112,Nightlife Spot
5,113,Nightlife Spot
5,114,Nightlife Spot
5,115,Nightlife Spot
5,116,Food
5,117,Food
5,118,Travel & Transport
5,119,Food
5,120,Food
5,121,Professional & Other Places
5,122,Food
5,123,Food
5,124,Food
5,125,Food
5,126,Food
5,127,Food
5,128,Food
5,129,Food
5,130,Food
5,131,Food
5,132,Food
5,133,Food
5,134,Food
5,135,Food
5,136,Food
5,137,Food
5,138,Food
5,139,Food
5,140,Food
5,141,Great Outdoors
5,142,Travel & Transport
5,143,Food
5,144,Professional & Other Places
5,145,Professional & Other Places
5,146,Food
5,147,Food
5,148,Food
5,149,Food
5,150,Food
5,151,Food
5,152,Shop & Service
5,153,Food
5,154,Food
5,155,Food
5,156,Food
5,157,Food
5,158,Food
5,159,Food
5,160,Food
5,161,Travel & Transport
5,162,Food
5,163,Food
5,164,Travel & Transport
5,165,Travel & Transport
5,166,Travel & Transport
5,167,Professional & Other Places
8,0,Travel & Transport
8,1,Food
8,2,Travel & Transport
8,3,Food
8,4,Shop & Service
8,5,Food
8,6,Travel & Transport
8,7,Professional & Other Places
8,8,Shop & Service
8,9,Shop & Service
8,10,Shop & Service
8,11,Food
8,12,Food
8,13,Travel & Transport
8,14,Travel & Transport
8,15,Food
8,16,Nightlife Spot
8,17,Arts & Entertainment
8,18,Travel & Transport
8,19,Arts & Entertainment
8,20,Arts & Entertainment
8,21,Arts & Entertainment
8,22,Arts & Entertainment
8,23,Arts & Entertainment
8,24,Travel & Transport
8,25,Professional & Other Places
8,26,Travel & Transport
8,27,Food
8,28,Food
8,29,Food
8,30,Travel & Transport
8,31,Professional & Other Places
8,32,Shop & Service
8,33,Shop & Service
8,34,Shop & Service
8,35,Food
8,36,Food
8,37,Food
8,38,Professional & Other Places
8,39,Food
8,40,Arts & Entertainment
8,41,Arts & Entertainment
8,42,Arts & Entertainment
8,43,Arts & Entertainment
8,44,Arts & Entertainment
8,45,Travel & Transport
8,46,Arts & Entertainment
8,47,Food
8,48,Food
8,49,Professional & Other Places
8,50,Food
8,51,Food
8,52,Food
8,53,Food
8,54,Food
8,55,Shop & Service
8,56,Food
8,57,Travel & Transport
8,58,Food
8,59,Food
8,60,Food
8,61,Food
8,62,Food
8,63,Nightlife Spot
8,64,Nightlife Spot
8,65,Arts & Entertainment
8,66,Arts & Entertainment
8,67,Arts & Entertainment
8,68,Arts & Entertainment
8,69,Arts & Entertainment
8,70,Professional & Other Places
8,71,Travel & Transport
8,72,Travel & Transport
8,73,Great Outdoors
8,74,Travel & Transport
8,75,Travel & Transport
8,76,Travel & Transport
8,77,Food
8,78,Travel & Transport
8,79,Food
8,80,Shop & Service
8,81,Shop & Service
8,82,Travel & Transport
8,83,Professional & Other Places
8,84,Food
8,85,Shop & Service
8,86,Travel & Transport
8,87,Arts & Entertainment
8,88,Nightlife Spot
8,89,Arts & Entertainment
8,90,Arts & Entertainment
8,91,Arts & Entertainment
8,92,Travel & Transport
8,93,Travel & Transport
8,94,Travel & Transport
8,95,Travel & Transport
8,96,Travel & Transport
8,97,Arts & Entertainment
8,98,Professional & Other Places
8,99,Professional & Other Places
8,100,Food
8,101,Food
8,102,Shop & Service
8,103,Food
8,104,Shop & Service
8,105,Shop & Service
8,106,Food
8,107,Food
8,108,Shop & Service
8,109,Food
8,110,Travel & Transport
8,111,Arts & Entertainment
8,112,Arts & Entertainment
8,113,Nightlife Spot
8,114,Arts & Entertainment
8,115,Arts & Entertainment
8,116,Arts & Entertainment
8,117,Travel & Transport
8,118,Travel & Transport
8,119,Food
8,120,Professional & Other Places
8,121,Shop & Service
8,122,Professional & Other Places
8,123,Shop & Service
8,124,Food
8,125,Food
8,126,Food
8,127,Arts & Entertainment
8,128,Shop & Service
8,129,Food
8,130,Food
8,131,Food
8,132,Food
8,133,Shop & Service
8,134,Food
8,135,Nightlife Spot
8,136,Nightlife Spot
8,137,Arts & Entertainment
8,138,Arts & Entertainment
8,139,Arts & Entertainment
8,140,Arts & Entertainment
8,141,Arts & Entertainment
8,142,Travel & Transport
8,143,Professional & Other Places
8,144,Professional & Other Places
8,145,Professional & Other Places
8,146,Professional & Other Places
8,147,Professional & Other Places
8,148,Professional & Other Places
8,149,Food
8,150,Food
8,151,Shop & Service
8,152,Professional & Other Places
8,153,Professional & Other Places
8,154,Shop & Service
8,155,Food
8,156,Food
8,157,Food
8,158,Food
8,159,Arts & Entertainment
8,160,Nightlife Spot
8,161,Arts & Entertainment
8,162,Arts & Entertainment
8,163,Arts & Entertainment
8,164,Arts & Entertainment
8,165,Arts & Entertainment
8,166,Shop & Service
8,167,Shop & Service
10,0,Travel & Transport
10,1,Travel & Transport
10,2,Travel & Transport
10,3,Shop & Service
10,4,Shop & Service
10,5,Shop & Service
10,6,Shop & Service
10,7,Shop & Service
10,8,Shop & Service
10,9,Shop & Service
10,10,Shop & Service
10,11,Shop & Service
10,12,Shop & Service
10,13,Shop & Service
10,14,Shop & Service
10,15,Food
10,16,Food
10,17,Great Outdoors
10,18,Food
10,19,Shop & Service
10,20,Food
10,21,Food
10,22,Travel & Transport
10,23,Travel & Transport
10,24,Professional & Other Places
10,25,College & University
10,26,Shop & Service
10,27,Shop & Service
10,28,Shop & Service
10,29,Food
10,30,Shop & Service
10,31,Shop & Service
10,32,Shop & Service
10,33,Shop & Service
10,34,Shop & Service
10,35,Shop & Service
10,36,Shop & Service
10,37,Food
10,38,Food
10,39,Food
10,40,Food
10,41,Food
10,42,Food
10,43,Shop & Service
10,44,Shop & Service
10,45,Food
10,46,Food
10,47,Food
10,48,Travel & Transport
10,49,Travel & Transport
10,50,Shop & Service
10,51,Shop & Service
10,52,Shop & Service
10,53,Shop & Service
10,54,Shop & Service
10,55,Shop & Service
10,56,Shop & Service
10,57,Shop & Service
10,58,Shop & Service
10,59,Shop & Service
10,60,Shop & Service
10,61,Shop & Service
10,62,Food
10,63,Nightlife Spot
10,64,Food
10,65,Nightlife Spot
10,66,Food
10,67,Nightlife Spot
10,68,Arts & Entertainment
10,69,Professional & Other Places
10,70,Travel & Transport
10,71,Travel & Transport
10,72,Travel & Transport
10,73,Shop & Service
10,74,Shop & Service
10,75,Shop & Service
10,76,Travel & Transport
10,77,Food
10,78,Shop & Service
10,79,Shop & Service
10,80,Shop & Service
10,81,Shop & Service
10,82,Shop & Service
10,83,Shop & Service
10,84,Food
10,85,Food
10,86,Food
10,87,Nightlife Spot
10,88,Food
10,89,Food
10,90,Shop & Service
10,91,Travel & Transport
10,92,Travel & Transport
10,93,Shop & Service
10,94,Travel & Transport
10,95,Professional & Other Places
10,96,Travel & Transport
10,97,Professional & Other Places
10,98,Travel & Transport
10,99,Food
10,100,Shop & Service
10,101,Shop & Service
10,102,Shop & Service
10,103,Shop & Service
10,104,Shop & Service
10,105,Shop & Service
10,106,Shop & Service
10,107,Shop & Service
10,108,Food
10,109,Shop & Service
10,110,Food
10,111,Arts & Entertainment
10,112,Food
10,113,Food
10,114,Food
10,115,Food
10,116,Nightlife Spot
10,117,Shop & Service
10,118,Food
10,119,Professional & Other Places
10,120,Arts & Entertainment
10,121,Food
10,122,Travel & Transport
10,123,Travel & Transport
10,124,Shop & Service
10,125,Shop & Service
10,126,Shop & Service
10,127,Shop & Service
10,128,Shop & Service
10,129,Shop & Service
10,130,Shop & Service
10,131,Shop & Service
10,132,Shop & Service
10,133,Shop & Service
10,134,Shop & Service
10,135,Food
10,136,Food
10,137,Great Outdoors
10,138,Food
10,139,Nightlife Spot
10,140,Food
10,141,Food
10,142,Travel & Transport
10,143,Travel & Transport
10,144,Shop & Service
10,145,Professional & Other Places
10,146,Professional & Other Places
10,147,Shop & Service
10,148,Shop & Service
10,149,Shop & Service
10,150,Shop & Service
10,151,Shop & Service
10,152,Shop & Service
10,153,Shop & Service
10,154,Shop & Service
10,155,Food
10,156,Food
10,157,Food
10,158,Travel & Transport
10,159,Food
10,160,Food
10,161,Professional & Other Places
10,162,Nightlife Spot
10,163,Professional & Other Places
10,164,Travel & Transport
10,165,Food
10,166,Travel & Transport
10,167,Travel & Transport
6,0,Travel & Transport
6,1,Travel & Transport
6,2,Travel & Transport
6,3,Travel & Transport
6,4,Travel & Transport
6,5,Travel & Transport
6,6,Travel & Transport
6,7,Travel & Transport
6,8,Travel & Transport
6,9,Travel & Transport
6,10,Travel & Transport
6,11,Travel & Transport
6,12,Travel & Transport
6,13,Travel & Transport
6,14,Travel & Transport
6,15,Travel & Transport
6,16,Travel & Transport
6,17,Food
6,18,Nightlife Spot
6,19,Travel & Transport
6,20,Travel & Transport
6,21,Travel & Transport
6,22,Travel & Transport
6,23,Travel & Transport
6,24,Travel & Transport
6,25,Travel & Transport
6,26,Travel & Transport
6,27,Travel & Transport
6,28,Travel & Transport
6,29,Travel & Transport
6,30,Travel & Transport
6,31,Travel & Transport
6,32,Travel & Transport
6,33,Travel & Transport
6,34,Travel & Transport
6,35,Travel & Transport
6,36,Travel & Transport
6,37,Travel & Transport
6,38,Travel & Transport
6,39,Travel & Transport
6,40,Travel & Transport
6,41,Residence
6,42,Food
6,43,Great Outdoors
6,44,Travel & Transport
6,45,Travel & Transport
6,46,Travel & Transport
6,47,Travel & Transport
6,48,Travel & Transport
6,49,Travel & Transport
6,50,Travel & Transport
6,51,Travel & Transport
6,52,Travel & Transport
6,53,Travel & Transport
6,54,Travel & Transport
6,55,Travel & Transport
6,56,Travel & Transport
6,57,Travel & Transport
6,58,Travel & Transport
6,59,Travel & Transport
6,60,Travel & Transport
6,61,Travel & Transport
6,62,Travel & Transport
6,63,Travel & Transport
6,64,Travel & Transport
6,65,Food
6,66,Nightlife Spot
6,67,Shop & Service
6,68,Travel & Transport
6,69,Travel & Transport
6,70,Travel & Transport
6,71,Travel & Transport
6,72,Travel & Transport
6,73,Travel & Transport
6,74,Travel & Transport
6,75,Travel & Transport
6,76,Travel & Transport
6,77,Travel & Transport
6,78,Travel & Transport
6,79,Travel & Transport
6,80,Travel & Transport
6,81,Travel & Transport
6,82,Travel & Transport
6,83,Travel & Transport
6,84,Travel & Transport
6,85,Travel & Transport
6,86,Travel & Transport
6,87,Travel & Transport
6,88,Travel & Transport
6,89,Travel & Transport
6,90,Great Outdoors
6,91,Food
6,92,Arts & Entertainment
6,93,Travel & Transport
6,94,Travel & Transport
6,95,Travel & Transport
6,96,Travel & Transport
6,97,Travel & Transport
6,98,Travel & Transport
6,99,Travel & Transport
6,100,Travel & Transport
6,101,Travel & Transport
6,102,Travel & Transport
6,103,Travel & Transport
6,104,Travel & Transport
6,105,Travel & Transport
6,106,Travel & Transport
6,107,Travel & Transport
6,108,Travel & Transport
6,109,Travel & Transport
6,110,Travel & Transport
6,111,Travel & Transport
6,112,Shop & Service
6,113,Food
6,114,Travel & Transport
6,115,Food
6,116,Food
6,117,Travel & Transport
6,118,Travel & Transport
6,119,Travel & Transport
6,120,Travel & Transport
6,121,Travel & Transport
6,122,Travel & Transport
6,123,Travel & Transport
6,124,Travel & Transport
6,125,Travel & Transport
6,126,Travel & Transport
6,127,Travel & Transport
6,128,Travel & Transport
6,129,Travel & Transport
6,130,Travel & Transport
6,131,Shop & Service
6,132,Travel & Transport
6,133,Travel & Transport
6,134,Travel & Transport
6,135,Travel & Transport
6,136,Travel & Transport
6,137,Travel & Transport
6,138,Food
6,139,Nightlife Spot
6,140,Great Outdoors
6,141,Travel & Transport
6,142,Travel & Transport
6,143,Travel & Transport
6,144,Travel & Transport
6,145,Travel & Transport
6,146,Travel & Transport
6,147,Travel & Transport
6,148,Travel & Transport
6,149,Travel & Transport
6,150,Travel & Transport
6,151,Travel & Transport
6,152,Travel & Transport
6,153,Travel & Transport
6,154,Shop & Service
6,155,Food
6,156,Travel & Transport
6,157,Shop & Service
6,158,Travel & Transport
6,159,Travel & Transport
6,160,Travel & Transport
6,161,Travel & Transport
6,162,Food
6,163,Residence
6,164,Travel & Transport
6,165,Travel & Transport
6,166,Travel & Transport
6,167,Travel & Transport
11,0,Professional & Other Places
11,1,Professional & Other Places
11,2,Professional & Other Places
11,3,Professional & Other Places
11,4,Food
11,5,Shop & Service
11,6,Shop & Service
11,7,Shop & Service
11,8,Shop & Service
11,9,Shop & Service
11,10,Food
11,11,Food
11,12,Food
11,13,Food
11,14,Food
11,15,Nightlife Spot
11,16,Nightlife Spot
11,17,Food
11,18,Food
11,19,Food
11,20,Food
11,21,Travel & Transport
11,22,Professional & Other Places
11,23,Professional & Other Places
11,24,Professional & Other Places
11,25,Professional & Other Places
11,26,Professional & Other Places
11,27,Professional & Other Places
11,28,Professional & Other Places
11,29,Professional & Other Places
11,30,Shop & Service
11,31,Food
11,32,Food
11,33,Shop & Service
11,34,Shop & Service
11,35,Food
11,36,Food
11,37,Food
11,38,Travel & Transport
11,39,Travel & Transport
11,40,Professional & Other Places
11,41,Professional & Other Places
11,42,Arts & Entertainment
11,43,Nightlife Spot
11,44,Arts & Entertainment
11,45,Shop & Service
11,46,Professional & Other Places
11,47,Professional & Other Places
11,48,Professional & Other Places
11,49,Professional & Other Places
11,50,Professional & Other Places
11,51,Professional & Other Places
11,52,Professional & Other Places
11,53,Food
11,54,Shop & Service
11,55,Shop & Service
11,56,Shop & Service
11,57,Travel & Transport
11,58,Shop & Service
11,59,Food
11,60,Travel & Transport
11,61,Food
11,62,Nightlife Spot
11,63,Professional & Other Places
11,64,Nightlife Spot
11,65,Food
11,66,Food
11,67,Nightlife Spot
11,68,Food
11,69,Arts & Entertainment
11,70,Professional & Other Places
11,71,Professional & Other Places
11,72,Professional & Other Places
11,73,Professional & Other Places
11,74,Professional & Other Places
11,75,Professional & Other Places
11,76,Food
11,77,Professional & Other Places
11,78,Shop & Service
11,79,Food
11,80,Shop & Service
11,81,Shop & Service
11,82,Food
11,83,Food
11,84,Shop & Service
11,85,Food
11,86,Shop & Service
11,87,Food
11,88,Food
11,89,Professional & Other Places
11,90,Food
11,91,Food
11,92,Great Outdoors
11,93,Professional & Other Places
11,94,Professional & Other Places
11,95,Professional & Other Places
11,96,Professional & Other Places
11,97,Professional & Other Places
11,98,Professional & Other Places
11,99,Professional & Other Places
11,100,Shop & Service
11,101,Professional & Other Places
11,102,Professional & Other Places
11,103,Shop & Service
11,104,Shop & Service
11,105,Shop & Service
11,106,Shop & Service
11,107,Food
11,108,Food
11,109,Food
11,110,Food
11,111,Nightlife Spot
11,112,Nightlife Spot
11,113,Food
11,114,Nightlife Spot
11,115,Nightlife Spot
11,116,Travel & Transport
11,117,Travel & Transport
11,118,Food
11,119,Professional & Other Places
11,120,Professional & Other Places
11,121,Professional & Other Places
11,122,Professional & Other Places
11,123,Travel & Transport
11,124,Food
11,125,Professional & Other Places
11,126,Shop & Service
11,127,Shop & Service
11,128,Shop & Service
11,129,Shop & Service
11,130,Shop & Service
11,131,Food
11,132,Food
11,133,Food
11,134,Food
11,135,Nightlife Spot
11,136,Nightlife Spot
11,137,Nightlife Spot
11,138,Nightlife Spot
11,139,Food
11,140,Nightlife Spot
11,141,Food
11,142,Food
11,143,Professional & Other Places
11,144,Professional & Other Places
11,145,Professional & Other Places
11,146,Food
11,147,Professional & Other Places
11,148,Shop & Service
11,149,Shop & Service
11,150,Shop & Service
11,151,Shop & Service
11,152,Shop & Service
11,153,Food
11,154,Food
11,155,Food
11,156,Food
11,157,Food
11,158,Travel & Transport
11,159,Shop & Service
11,160,Shop & Service
11,161,Travel & Transport
11,162,Professional & Other Places
11,163,Food
11,164,Arts & Entertainment
11,165,Professional & Other Places
11,166,Professional & Other Places
11,167,Professional & Other Places
1,0,Professional & Other Places
1,1,Professional & Other Places
1,2,Professional & Other Places
1,3,Shop & Service
1,4,Food
1,5,Food
1,6,Professional & Other Places
1,7,Shop & Service
1,8,Shop & Service
1,9,Shop & Service
1,10,Shop & Service
1,11,Shop & Service
1,12,Shop & Service
1,13,Shop & Service
1,14,Nightlife Spot
1,15,Nightlife Spot
1,16,Nightlife Spot
1,17,Nightlife Spot
1,18,Nightlife Spot
1,19,Nightlife Spot
1,20,Nightlife Spot
1,21,Food
1,22,Food
1,23,Professional & Other Places
1,24,Professional & Other Places
1,25,Professional & Other Places
1,26,Professional & Other Places
1,27,Shop & Service
1,28,Food
1,29,Shop & Service
1,30,Shop & Service
1,31,Shop & Service
1,32,Shop & Service
1,33,Shop & Service
1,34,Shop & Service
1,35,Shop & Service
1,36,Shop & Service
1,37,Food
1,38,Food
1,39,Nightlife Spot
1,40,Nightlife Spot
1,41,Nightlife Spot
1,42,Food
1,43,Nightlife Spot
1,44,Nightlife Spot
1,45,Food
1,46,Shop & Service
1,47,Professional & Other Places
1,48,Professional & Other Places
1,49,Professional & Other Places
1,50,Professional & Other Places
1,51,Food
1,52,Food
1,53,Shop & Service
1,54,Shop & Service
1,55,Shop & Service
1,56,Shop & Service
1,57,Shop & Service
1,58,Shop & Service
1,59,Shop & Service
1,60,Shop & Service
1,61,Food
1,62,Nightlife Spot
1,63,Nightlife Spot
1,64,Nightlife Spot
1,65,Nightlife Spot
1,66,Nightlife Spot
1,67,Nightlife Spot
1,68,Nightlife Spot
1,69,Nightlife Spot
1,70,Shop & Service
1,71,Professional & Other Places
1,72,Professional & Other Places
1,73,Professional & Other Places
1,74,Professional & Other Places
1,75,Shop & Service
1,76,Shop & Service
1,77,Shop & Service
1,78,Shop & Service
1,79,Shop & Service
1,80,Shop & Service
1,81,Shop & Service
1,82,Shop & Service
1,83,Shop & Service
1,84,Shop & Service
1,85,Shop & Service
1,86,Nightlife Spot
1,87,Nightlife Spot
1,88,Nightlife Spot
1,89,Nightlife Spot
1,90,Nightlife Spot
1,91,Nightlife Spot
1,92,Food
1,93,Travel & Transport
1,94,Food
1,95,Professional & Other Places
1,96,Professional & Other Places
1,97,Professional & Other Places
1,98,Professional & Other Places
1,99,Shop & Service
1,100,Shop & Service
1,101,Shop & Service
1,102,Shop & Service
1,103,Shop & Service
1,104,Shop & Service
1,105,Shop & Service
1,106,Shop & Service
1,107,Shop & Service
1,108,Shop & Service
1,109,Shop & Service
1,110,Nightlife Spot
1,111,Nightlife Spot
1,112,Nightlife Spot
1,113,Nightlife Spot
1,114,Nightlife Spot
1,115,Nightlife Spot
1,116,Nightlife Spot
1,117,Nightlife Spot
1,118,Food
1,119,Food
1,120,Travel & Transport
1,121,Travel & Transport
1,122,Shop & Service
1,123,Shop & Service
1,124,Food
1,125,Shop & Service
1,126,Shop & Service
1,127,Shop & Service
1,128,Shop & Service
1,129,Shop & Service
1,130,Shop & Service
1,131,Shop & Service
1,132,Shop & Service
1,133,Shop & Service
1,134,Nightlife Spot
1,135,Nightlife Spot
1,136,Nightlife Spot
1,137,Nightlife Spot
1,138,Nightlife Spot
1,139,Nightlife Spot
1,140,Nightlife Spot
1,141,Nightlife Spot
1,142,Food
1,143,Professional & Other Places
1,144,Food
1,145,Shop & Service
1,146,Shop & Service
1,147,Shop & Service
1,148,Shop & Service
1,149,Shop & Service
1,150,Shop & Service
1,151,Shop & Service
1,152,Shop & Service
1,153,Shop & Service
1,154,Shop & Service
1,155,Shop & Service
1,156,Shop & Service
1,157,Food
1,158,Food
1,159,Nightlife Spot
1,160,Nightlife Spot
1,161,Nightlife Spot
1,162,Nightlife Spot
1,163,Food
1,164,Nightlife Spot
1,165,Food
1,166,Shop & Service
1,167,Professional & Other Places
7,0,Professional & Other Places
7,1,Professional & Other Places
7,2,Food
7,3,College & University
7,4,Travel & Transport
7,5,Professional & Other Places
7,6,Food
7,7,Professional & Other Places
7,8,Professional & Other Places
7,9,Shop & Service
7,10,Food
7,11,Food
7,12,Professional & Other Places
7,13,Food
7,14,Food
7,15,Professional & Other Places
7,16,Shop & Service
7,17,Professional & Other Places
7,18,Arts & Entertainment
7,19,Arts & Entertainment
7,20,Arts & Entertainment
7,21,Travel & Transport
7,22,Professional & Other Places
7,23,Professional & Other Places
7,24,Professional & Other Places
7,25,Professional & Other Places
7,26,Professional & Other Places
7,27,College & University
7,28,Shop & Service
7,29,Travel & Transport
7,30,Travel & Transport
7,31,Shop & Service
7,32,Great Outdoors
7,33,Shop & Service
7,34,Shop & Service
7,35,Food
7,36,Food
7,37,Travel & Transport
7,38,Travel & Transport
7,39,Travel & Transport
7,40,Shop & Service
7,41,Arts & Entertainment
7,42,Arts & Entertainment
7,43,Shop & Service
7,44,Arts & Entertainment
7,45,Travel & Transport
7,46,Professional & Other Places
7,47,Professional & Other Places
7,48,Professional & Other Places
7,49,Shop & Service
7,50,Professional & Other Places
7,51,College & University
7,52,Travel & Transport
7,53,Food
7,54,Travel & Transport
7,55,Shop & Service
7,56,Shop & Service
7,57,Great Outdoors
7,58,Shop & Service
7,59,Shop & Service
7,60,Professional & Other Places
7,61,Travel & Transport
7,62,Arts & Entertainment
7,63,Arts & Entertainment
7,64,Arts & Entertainment
7,65,Professional & Other Places
7,66,Professional & Other Places
7,67,Arts & Entertainment
7,68,Arts & Entertainment
7,69,Travel & Transport
7,70,Professional & Other Places
7,71,Professional & Other Places
7,72,Professional & Other Places
7,73,Professional & Other Places
7,74,Professional & Other Places
7,75,Professional & Other Places
7,76,Professional & Other Places
7,77,Professional & Other Places
7,78,Travel & Transport
7,79,Travel & Transport
7,80,College & University
7,81,Food
7,82,Food
7,83,Shop & Service
7,84,Food
7,85,Shop & Service
7,86,Great Outdoors
7,87,Arts & Entertainment
7,88,Shop & Service
7,89,Arts & Entertainment
7,90,Great Outdoors
7,91,Arts & Entertainment
7,92,Arts & Entertainment
7,93,Travel & Transport
7,94,Professional & Other Places
7,95,Professional & Other Places
7,96,Professional & Other Places
7,97,Arts & Entertainment
7,98,Food
7,99,Travel & Transport
7,100,Professional & Other Places
7,101,Professional & Other Places
7,102,Shop & Service
7,103,Food
7,104,Shop & Service
7,105,Travel & Transport
7,106,Shop & Service
7,107,Shop & Service
7,108,Food
7,109,Food
7,110,Great Outdoors
7,111,Travel & Transport
7,112,Nightlife Spot
7,113,Shop & Service
7,114,College & University
7,115,Professional & Other Places
7,116,Arts & Entertainment
7,117,Great Outdoors
7,118,Professional & Other Places
7,119,Professional & Other Places
7,120,Professional & Other Places
7,121,Food
7,122,Professional & Other Places
7,123,Shop & Service
7,124,Shop & Service
7,125,Shop & Service
7,126,Shop & Service
7,127,Shop & Service
7,128,Professional & Other Places
7,129,Shop & Service
7,130,Food
7,131,Food
7,132,Food
7,133,Food
7,134,Nightlife Spot
7,135,Shop & Service
7,136,Arts & Entertainment
7,137,Great Outdoors
7,138,Arts & Entertainment
7,139,Great Outdoors
7,140,Arts & Entertainment
7,141,Arts & Entertainment
7,142,Professional & Other Places
7,143,Professional & Other Places
7,144,Professional & Other Places
7,145,Professional & Other Places
7,146,Professional & Other Places
7,147,Professional & Other Places
7,148,Shop & Service
7,149,Travel & Transport
7,150,Shop & Service
7,151,Shop & Service
7,152,Food
7,153,Food
7,154,Shop & Service
7,155,Travel & Transport
7,156,Food
7,157,Food
7,158,Shop & Service
7,159,Food
7,160,Arts & Entertainment
7,161,Travel & Transport
7,162,Arts & Entertainment
7,163,Arts & Entertainment
7,164,Arts & Entertainment
7,165,Travel & Transport
7,166,Professional & Other Places
7,167,Professional & Other Places
4,0,Professional & Other Places
4,1,Professional & Other Places
4,2,Professional & Other Places
4,3,Shop & Service
4,4,Shop & Service
4,5,Shop & Service
4,6,Shop & Service
4,7,Shop & Service
4,8,Shop & Service
4,9,Shop & Service
4,10,Shop & Service
4,11,Shop & Service
4,12,Shop & Service
4,13,Shop & Service
4,14,Travel & Transport
4,15,Food
4,16,Food
4,17,Food
4,18,Food
4,19,Travel & Transport
4,20,Travel & Transport
4,21,Travel & Transport
4,22,Travel & Transport
4,23,Professional & Other Places
4,24,Professional & Other Places
4,25,Professional & Other Places
4,26,Professional & Other Places
4,27,Shop & Service
4,28,Shop & Service
4,29,Shop & Service
4,30,Shop & Service
4,31,Shop & Service
4,32,Shop & Service
4,33,Shop & Service
4,34,Shop & Service
4,35,Shop & Service
4,36,Shop & Service
4,37,Food
4,38,Food
4,39,Food
4,40,Food
4,41,Food
4,42,Great Outdoors
4,43,Food
4,44,Professional & Other Places
4,45,Great Outdoors
4,46,Travel & Transport
4,47,Professional & Other Places
4,48,Professional & Other Places
4,49,Professional & Other Places
4,50,Shop & Service
4,51,Shop & Service
4,52,Shop & Service
4,53,Shop & Service
4,54,Shop & Service
4,55,Shop & Service
4,56,Shop & Service
4,57,Shop & Service
4,58,Shop & Service
4,59,Shop & Service
4,60,Shop & Service
4,61,Food
4,62,Food
4,63,Nightlife Spot
4,64,Nightlife Spot
4,65,Nightlife Spot
4,66,Nightlife Spot
4,67,Food
4,68,Food
4,69,Food
4,70,Travel & Transport
4,71,Professional & Other Places
4,72,Professional & Other Places
4,73,Professional & Other Places
4,74,Shop & Service
4,75,Shop & Service
4,76,Shop & Service
4,77,Shop & Service
4,78,Shop & Service
4,79,Shop & Service
4,80,Shop & Service
4,81,Shop & Service
4,82,Shop & Service
4,83,Shop & Service
4,84,Shop & Service
4,85,Shop & Service
4,86,Food
4,87,Food
4,88,Nightlife Spot
4,89,Nightlife Spot
4,90,Food
4,91,Nightlife Spot
4,92,Nightlife Spot
4,93,Travel & Transport
4,94,Travel & Transport
4,95,Professional & Other Places
4,96,Professional & Other Places
4,97,Professional & Other Places
4,98,Professional & Other Places
4,99,Shop & Service
4,100,Shop & Service
4,101,Shop & Service
4,102,Shop & Service
4,103,Shop & Service
4,104,Shop & Service
4,105,Shop & Service
4,106,Shop & Service
4,107,Shop & Service
4,108,Shop & Service
4,109,Shop & Service
4,110,Food
4,111,Nightlife Spot
4,112,Nightlife Spot
4,113,Nightlife Spot
4,114,Nightlife Spot
4,115,Nightlife Spot
4,116,Food
4,117,Travel & Transport
4,118,Travel & Transport
4,119,Shop & Service
4,120,Travel & Transport
4,121,Shop & Service
4,122,Shop & Service
4,123,Shop & Service
4,124,Shop & Service
4,125,Shop & Service
4,126,Shop & Service
4,127,Shop & Service
4,128,Shop & Service
4,129,Shop & Service
4,130,Shop & Service
4,131,Shop & Service
4,132,Shop & Service
4,133,Shop & Service
4,134,Food
4,135,Nightlife Spot
4,136,Nightlife Spot
4,137,Food
4,138,Nightlife Spot
4,139,Food
4,140,Nightlife Spot
4,141,Food
4,142,Food
4,143,Shop & Service
4,144,Professional & Other Places
4,145,Travel & Transport
4,146,Shop & Service
4,147,Shop & Service
4,148,Shop & Service
4,149,Shop & Service
4,150,Shop & Service
4,151,Shop & Service
4,152,Shop & Service
4,153,Shop & Service
4,154,Shop & Service
4,155,Shop & Service
4,156,Food
4,157,Shop & Service
4,158,Food
4,159,Food
4,160,Food
4,161,Professional & Other Places
4,162,Food
4,163,Professional & Other Places
4,164,Shop & Service
4,165,Shop & Service
4,166,Travel & Transport
4,167,Professional & Other Places
